paraphrase idx,t0_3b_acc,t0pp_acc,alpaca-7b_acc,alpaca-13b_acc,flan-t5-small_acc,flan-t5-base_acc,flan-t5-large_acc,flan-t5-xl_acc,flan-t5-xxl_acc
default,0.234285712,0.462857157,0.511363626,0.647727251,0.28,0.371428571,0.348571429,0.405714286,0.502857143
p1,0.194285721,0.548571408,0.528409064,0.630681813,0.36,0.234285714,0.28,0.491428571,0.537142857
p2,0.371428579,0.560000002,0.448863626,0.647727251,0.182857143,0.257142857,0.354285714,0.525714286,0.548571429
p3,0.257142872,0.5657143,0.556818187,0.642045438,0.297142857,0.251428571,0.365714286,0.457142857,0.582857143
p4,0.274285704,0.560000002,0.539772749,0.630681813,0.182857143,0.228571429,0.348571429,0.542857143,0.537142857
p5,0.251428574,0.54285717,0.528409064,0.642045438,0.331428571,0.245714286,0.4,0.508571429,0.56
p6,0.194285721,0.508571446,0.414772719,0.619318187,0.411428571,0.28,0.417142857,0.371428571,0.6
p7,0.222857147,0.537142873,0.454545468,0.653409064,0.257142857,0.262857143,0.331428571,0.485714286,0.577142857
