paraphrase idx,t0pp_acc,alpaca-7b_acc,alpaca-13b_acc,flan-t5-small_acc,flan-t5-base_acc,flan-t5-large_acc,flan-t5-xl_acc,flan-t5-xxl_acc
default,0.7864077687263489,0.557692289,0.605769217,0.553398073,0.543689311,0.398058265,0.728155315,0.679611623
p1,0.7184466123580933,0.461538464,0.576923072,0.16504854,0.5825243,0.70873785,0.776699007,0.718446612
p2,0.7281553149223328,0.576923072,0.615384638,0.194174752,0.495145619,0.640776694,0.747572839,0.776699007
p3,0.7475728392601013,0.557692289,0.644230783,0.543689311,0.504854381,0.456310689,0.737864077,0.718446612
p4,0.7864077687263489,0.471153855,0.586538434,0.5825243,0.514563084,0.398058265,0.766990304,0.757281542
p5,0.7475728392601013,0.576923072,0.625,0.262135923,0.786407769,0.728155315,0.776699007,0.786407769
p6,0.7475728392601013,0.663461566,0.663461566,0.213592231,0.504854381,0.631067932,0.757281542,0.805825233
p7,0.7281553149223328,0.557692289,0.557692289,0.398058265,0.524271846,0.553398073,0.728155315,0.640776694
p8,0.737864077091217,0.605769217,0.625,0.223300964,0.466019422,0.660194159,0.737864077,0.728155315
