paraphrase idx,t0_3b_acc,t0pp_acc,alpaca-7b_acc,alpaca-13b_acc,flan-t5-small_acc,flan-t5-base_acc,flan-t5-large_acc,flan-t5-xl_acc,flan-t5-xxl_acc
default,0.565217376,0.739130437,0.5,0.5,0.608695652,0.5,0.5,0.586956522,0.717391304
p1,0.652173936,0.782608688,0.791666687,0.75,0.52173913,0.673913062,0.739130435,0.760869565,0.847826087
p2,0.608695626,0.782608688,0.5,0.541666687,0.5,0.717391312,0.717391304,0.652173913,0.608695652
p3,0.652173936,0.760869563,0.729166687,0.541666687,0.565217391,0.673913062,0.739130435,0.695652174,0.869565217
p4,0.630434811,0.717391312,0.541666687,0.729166687,0.413043478,0.652173936,0.717391304,0.652173913,0.826086957
p5,0.630434811,0.804347813,0.666666687,0.854166687,0.565217391,0.673913062,0.782608696,0.695652174,0.804347826
p6,0.673913062,0.826086938,0.625,0.854166687,0.565217391,0.673913062,0.782608696,0.760869565,0.869565217
p7,0.5,0.608695626,0.520833313,0.916666687,0.52173913,0.5,0.52173913,0.586956522,0.782608696
