paraphrase idx,t0_3b_acc,t0pp_acc,alpaca-7b_acc,alpaca-13b_acc,flan-t5-small_acc,flan-t5-base_acc,flan-t5-large_acc,flan-t5-xl_acc,flan-t5-xxl_acc
default,0.154400006,0.161799997,0.158399999,0.225600004,0.0941,0.128099993,0.1735,0.2573,0.2761
p1,0.098899998,0.152099997,0.136000007,0.219600007,0.0933,0.119800001,0.2002,0.2845,0.3707
p2,0.108900003,0.1391,0.161899999,0.213300005,0.096699998,0.142100006,0.2196,0.299,0.3483
p3,0.101999998,0.156900004,0.136399999,0.212200001,0.0932,0.128900006,0.2152,0.2944,0.3852
p4,0.111299999,0.165399998,0.171200007,0.225299999,0.0952,0.131300002,0.238,0.2992,0.3723
p5,0.115400001,0.133300006,0.135299996,0.215000004,0.0969,0.1206,0.1652,0.1899,0.2673
p6,0.097099997,0.142800003,0.130899996,0.216600001,0.0937,0.120800003,0.2009,0.2985,0.3741
p7,0.095299996,0.147400007,0.122000001,0.202500001,0.0952,0.135499999,0.2197,0.2891,0.3554
p8,0.087499999,0.085000001,0.158899993,0.2245,0.0923,0.088200003,0.0923,0.0863,0.0935
