paraphrase idx,t0pp_acc,alpaca-7b_acc,alpaca-13b_acc,flan-t5-small_acc,flan-t5-base_acc,flan-t5-large_acc,flan-t5-xl_acc,flan-t5-xxl_acc
default,0.3860000073909759,0.236000001,0.289999992,0.291999996,0.308999985,0.375,0.414999992,0.365999997
p1,0.367000013589859,0.248999998,0.275999993,0.303000003,0.314999998,0.372000009,0.423000008,0.43599999
p2,0.3720000088214874,0.254000008,0.289000005,0.293000013,0.305000007,0.321999997,0.419,0.39199999
p3,0.4099999964237213,0.277999997,0.30399999,0.305999994,0.338,0.331,0.412,0.469000012
p4,0.296999990940094,0.250999987,0.301999986,0.293000013,0.294,0.296999991,0.294,0.377000004
p5,0.3799999952316284,0.261000007,0.270000011,0.195999995,0.326000005,0.367000014,0.42899999,0.426999986
p6,0.3720000088214874,0.25,0.275000006,0.294999987,0.300999999,0.338,0.419999987,0.402999997
p7,0.2939999997615814,0.254000008,0.294,0.293000013,0.294,0.303000003,0.294,0.308999985
p8,0.3619999885559082,0.250999987,0.279000014,0.291999996,0.294,0.328999996,0.388000011,0.379999995
